{"cameraMode":{"drawMode":0,"name":"Shaded","section":"Shading Mode"},"sceneLighting":true,"audioPlay":false,"sceneViewState":{"showFog":true,"showMaterialUpdate":false,"showSkybox":true,"showFlares":true,"showImageEffects":true,"showParticleSystems":true},"in2DMode":false,"pivot":{"x":0.5395221710205078,"y":-0.000006198883056640625,"z":-0.48421192169189455},"rotation":{"x":-0.07568635791540146,"y":0.918391764163971,"z":-0.21485105156898499,"w":-0.32352542877197268},"size":3.7466442584991457,"orthographic":false}